Array_Size,Time_Taken_Seconds,Swap_Count
10,0.000001,35
50,0.000009,598
100,0.000035,2334
1000,0.048067,249265
2000,0.011522,1017549
3000,0.025856,2242309
4000,0.102118,3994862
5000,0.177695,6130228
